,Customer Number
0,4709-LKHYG
1,8999-XXGNS
2,6374-AFWOX
3,3985-HOYPM
4,1496-GGSUK
5,2030-BTZRO
6,2480-EJWYP
7,4154-AQUGT
8,2371-JUNGC
9,0742-MOABM
10,3173-WSSUE
11,5016-ETTFF
12,3705-RHRFR
13,1121-QSIVB
14,8707-HOEDG
15,4837-QUSFT
16,9184-GALIL
17,0115-TFERT
18,3714-JTVOV
19,0623-EJQEG
20,7134-HBPBS
21,6485-QXWWE
22,4983-CCWMC
23,3911-RSNHI
24,3758-CKOQL
25,3413-BMNZE
26,7876-BEUTG
27,3569-EDBPQ
28,9620-ENEJV
29,0354-WYROK
30,9648-BCHKM
31,5150-ITWWB
32,2430-USGXP
33,7011-CVEUC
34,4936-YPJNK
35,1140-UKVZG
36,1310-QRITU
37,0282-NVSJS
38,5035-BVCXS
39,8782-NUUOL
40,7660-HDPJV
41,9391-EOYLI
42,7168-HDQHG
43,9500-IWPXQ
44,4255-DDUOU
45,4826-DXMUP
46,0993-OSGPT
47,0793-TWELN
48,0315-LVCRK
49,3096-GKWEB
50,6543-CPZMK
51,1335-NTIUC
52,4570-QHXHL
53,1897-OKVMW
54,9099-FTUHS
55,6686-YPGHK
56,5345-BMKWB
57,8544-JNBOX
58,6036-TTFYU
59,8791-GFXLZ
60,7734-DBOAI
61,6497-TILVL
62,5732-IKGQH
63,3214-IYUUQ
64,2905-KFQUV
65,9796-MVYXX
66,3703-VAVCL
67,0848-SOMKO
68,7326-RIGQZ
69,5569-KGJHX
70,3498-LZGQZ
71,1304-SEGFY
72,4026-SKKHW
73,7503-ZGUZJ
74,6953-PBDIN
75,4698-KVLLG
76,5708-EVONK
77,0859-YGKFW
78,2408-TZMJL
79,9060-HJJRW
80,1480-BKXGA
81,0618-XWMSS
82,1840-BIUOG
83,8626-PTQGE
84,2235-ZGKPT
85,3059-NGMXB
86,9026-LHEVG
87,9909-DFRJA
88,3540-RZJYU
89,0020-JDNXP
90,4648-YPBTM
91,8761-NSOBC
92,9306-CPCBC
93,0193-ESZXP
94,3956-CJUST
95,6769-DYBQN
96,1724-IQWNM
97,9445-ZUEQE
98,9334-GWGOW
99,7799-LGRDP
100,2049-BAFNW
101,0362-ZBZWJ
102,8182-PNAGI
103,7267-FRMJW
104,1452-VOQCH
105,1635-FJFCC
106,4902-OHLSK
107,7853-WNZSY
108,9419-IPPBE
109,2545-EBUPK
110,1000-AJSLD
111,8999-EXMNO
112,2368-GAKKQ
113,7820-ZYGNY
114,9444-JTXHZ
115,3071-MVJCD
116,8207-DMRVL
117,4871-JTKJF
118,3824-RHKVR
119,0031-PVLZI
120,6164-HAQTX
121,9168-INPSZ
122,1740-CSDJP
123,5027-QPKTE
124,8075-GXIUB
125,7294-TMAOP
126,8198-RKSZG
127,7969-AULMZ
128,8388-FYNPZ
129,8896-BQTTI
130,8348-HFYIV
131,3916-NRPAP
132,9546-CQJSU
133,6067-NGCEU
134,3170-NMYVV
135,7064-JHXCE
136,0064-SUDOG
137,4860-YZGZM
138,1131-SUEKT
139,9300-RENDD
140,5989-PGKJB
141,6457-USBER
142,1460-UZPRJ
143,2580-ASVVY
144,8792-AOROI
145,5375-XLDOF
146,9154-QDGTH
147,6603-YRDCJ
148,2178-PMGCJ
149,0536-BGFMZ
150,5175-WLYXL
151,2709-UQGNP
152,6486-LHTMA
153,8434-PNQZX
154,3454-JFUBC
155,0480-KYJVA
156,0015-UOCOJ
157,2753-JMMCV
158,6229-LSCKB
159,5299-SJCZT
160,2239-CFOUJ
161,2959-MJHIC
162,0374-FIUCA
163,7228-OMTPN
164,1208-DNHLN
165,5260-UMPWX
166,9625-RZFUK
167,7008-LZVOZ
168,9795-SHUHB
169,9880-TDQAC
170,0384-RVBPI
171,0564-MUUQK
172,9631-RXVJM
173,1448-CYWKC
174,7771-CFQRQ
175,3280-MRDOF
176,6961-VCPMC
177,0219-QAERP
178,6339-TBELP
179,3908-BLSYF
180,6917-YACBP
181,8237-ULIXL
182,7503-EPSZW
183,1010-DIAUQ
184,1207-BLKSA
185,1260-TTRXI
186,4482-EWFMI
187,9028-LIHRP
188,0550-DCXLH
189,8189-HBVRW
190,1075-BGWOH
191,5193-QLVZB
192,2432-TFSMK
193,9054-FOWNV
194,2302-ANTDP
195,9481-SFCQY
196,7176-WIONM
197,7268-WNTCP
198,0295-QVKPB
199,4608-LCIMN
200,7814-LEEVE
201,4634-JLRJT
202,1703-MGIAB
203,6928-ONTRW
204,1580-BMCMR
205,2400-XIWIO
206,0953-LGOVU
207,7164-BPTUT
208,3327-YBAKM
209,8148-NLEGT
210,2995-YWTCD
211,3736-BLEPA
212,5795-KTGUD
213,0580-PIQHM
214,2160-GPFXD
215,4686-UXDML
216,9089-UOWJG
217,7823-JSOAG
218,3415-TAILE
219,9318-NKNFC
220,7787-BNTZM
221,7112-OPOTK
222,1343-EHPYB
223,5168-MQQCA
224,3638-VBZTA
225,2911-UREFD
226,1169-SAOCL
227,2465-BLLEU
228,3186-AJIEK
229,2270-CHBFN
230,3727-JEZTU
231,2294-SALNE
232,0661-KBKPA
233,1761-AEZZR
234,5842-POCOP
235,2004-OCQXK
236,6845-RGTYS
237,7799-DSEWS
238,1442-BQPVU
239,3951-NJCVI
240,1814-DKOLC
241,1237-WIYYZ
242,6371-NZYEG
243,6663-JOCQO
244,1447-PJGGA
245,4459-BBGHE
246,5698-BQJOH
247,2235-DWLJU
248,5934-RMPOV
249,7901-TBKJX
250,0515-YPMCW
251,8019-ENHXU
252,4712-AUQZO
253,7065-YUNRY
254,3096-JRDSO
255,3530-CRZSB
256,3097-FQTVJ
257,4274-OWWYO
258,9917-KWRBE
259,4716-HHKQH
260,1849-RJYIG
261,8979-CAMGB
262,4194-FJARJ
263,7861-UVUFT
264,9364-YKUVW
265,8194-PEEBY
266,6353-BRMMA
267,0979-PHULV
268,8404-FYDIB
269,6996-KNSML
270,6260-ONULR
271,2237-ZFSMY
272,8305-VHZBZ
273,0742-LAFQK
274,3694-GLTJM
275,1814-WFGVS
276,2382-BCKQJ
277,1730-VFMWO
278,3620-MWJNE
279,9667-EQRXU
280,5834-ASPWA
281,1096-ADRUX
282,1976-AZZPJ
283,3001-CBHLQ
284,8677-HDZEE
285,7941-RCJOW
286,9846-GKXAS
287,3865-YIOTT
288,6072-NUQCB
289,9308-ANMVE
290,7343-EOBEU
291,9139-WQQDY
292,0635-WKOLD
293,3884-UEBXB
294,8331-ZXFOE
295,0603-OLQDC
296,4283-FUTGF
297,2371-JQHZZ
298,4163-KIUHY
299,8606-CIQUL
300,8760-ZRHKE
301,9374-YOLBJ
302,1302-TPUBN
303,2484-DGXPZ
304,4811-JBUVU
305,1222-KJNZD
306,1221-GHZEP
307,3234-VKACU
308,6258-NGCNG
309,3533-UVMOM
310,4176-FXYBO
311,0887-HJGAR
312,0559-CKHUS
313,1932-UEDCX
314,6689-TCZHQ
315,8741-LQOBK
316,6987-XQSJT
317,4817-QRJSX
318,2788-CJQAQ
319,1704-NRWYE
320,8679-JOEVF
321,5906-CVLHP
322,3858-XHYJO
323,7638-QVMVY
324,5598-IKHQQ
325,7247-XOZPB
326,5196-SGOAK
327,4129-LYCOI
328,2408-WITXK
329,7529-ZDFXI
330,4644-OBGFZ
331,3439-GVUSX
332,7718-RXDGG
333,9965-YOKZB
334,3474-BAFSJ
335,4625-LAMOB
336,4198-VFOEA
337,8901-HJXTF
338,0643-OKLRP
339,6629-LADHQ
340,1685-BQULA
341,3129-AAQOU
342,7109-CQYUZ
343,6147-CBCRA
344,2212-LYASK
345,2920-RNCEZ
346,4277-BWBML
347,9643-AVVWI
348,3946-MHCZW
349,8356-WUAOJ
350,4713-ZBURT
351,8766-PAFNE
352,0727-BMPLR
353,7883-ROJOC
354,2061-VVFST
355,2924-KHUVI
356,5063-IUOKK
357,2018-PZKMU
358,9850-OWRHQ
359,9546-KDTRB
360,6339-DKLMK
361,4803-AXVYP
362,7874-ECPQJ
363,4446-BZKHU
364,0519-DRGTI
365,5443-SCMKX
366,0231-LXVAP
367,9039-ZVJDC
368,7872-BAAZR
369,9668-PUGNU
370,2167-FQSTQ
371,1724-BQUHA
372,1213-NGCUN
373,5868-YTYKS
374,1810-MVMAI
375,4080-OGPJL
376,7206-GZCDC
377,4146-SVFUD
378,9443-JUBUO
379,0506-LVNGN
380,7009-PCARS
381,1373-ORVIZ
382,4097-YODCF
383,3523-QRQLL
384,9360-OMDZZ
385,7627-JKIAZ
386,4391-RESHN
387,1841-YSJGV
388,1143-NMNQJ
389,6661-HBGWL
390,3489-HHPFY
391,4616-EWBNJ
392,1089-HDMKP
393,3583-EKAPL
394,0913-XWSCN
395,8779-QRDMV
396,2403-BCASL
397,8242-SOQUO
398,4110-PFEUZ
399,4707-MAXGU
400,0134-XWXCE
401,0856-NAOES
402,9588-YRFHY
403,9945-PSVIP
404,1431-AIDJQ
405,0734-OXWBT
406,2773-MADBQ
407,0690-SRQID
408,6825-UYPFK
409,0970-QXPXW
410,9167-APMXZ
411,9000-PLFUZ
412,8699-ASUFO
413,9601-BRXPO
414,9633-DENPU
415,6833-JMZYP
416,5125-CNDSP
417,9415-TPKRV
418,3486-NPGST
419,8167-GJLRN
420,4385-GZQXV
421,9534-NSXEM
422,2811-POVEX
423,8919-FYFQZ
424,6981-TDRFT
425,5709-LVOEQ
426,2770-NSVDG
427,3426-NIYYL
428,5549-ZGHFB
429,1910-FMXJM
430,6923-JHPMP
431,8969-PRHFK
432,0377-JBKKT
433,6166-YIPFO
434,9309-BZGNT
435,6728-WYQBC
436,6328-ZPBGN
437,7649-SIJJF
438,4818-DRBQT
439,3621-CHYVB
440,9214-EKVXR
441,9885-AIBVB
442,9251-AWQGT
443,5960-WPXQM
444,7208-PSIHR
445,4063-EIKNQ
446,7508-MYBOG
447,0201-OAMXR
448,7305-ZWMAJ
449,1989-PRJHP
450,8627-ZYGSZ
451,7839-QRKXN
452,9710-ZUSHQ
453,3518-FSTWG
454,2040-OBMLJ
455,6906-MPARY
456,4742-DRORA
457,5131-PONJI
458,9921-ZVRHG
459,3133-PZNSR
460,4489-SNOJF
461,6407-UTSLV
462,3589-PPVKW
463,9828-QHFBK
464,2321-OMBXY
465,6284-AHOOQ
466,4565-NLZBV
467,3756-VNWDH
468,1142-WACZW
469,6969-MVBAI
470,8039-EQPIM
471,8784-CGILN
472,7139-JZFVG
473,9746-YKGXB
474,5931-FLJJF
475,6082-GLJIX
476,4476-OSWTN
477,7109-MFBYV
478,3023-GFLBR
479,7363-QTBIW
480,0434-CSFON
481,3336-JORSO
482,2223-GDSHL
483,6633-SYEUS
484,3213-VVOLG
485,7337-CINUD
486,8204-YJCLA
487,0404-SWRVG
488,0463-ZSDNT
489,0513-RBGPE
490,1122-YJBCS
491,1725-MIMXW
492,7838-LAZFO
493,3243-ZHOHY
494,4923-ADWXJ
495,6168-YBYNP
496,8118-LSUEL
497,8945-MUQUF
498,6298-QDFNH
499,1550-LOAHA
500,6000-APYLU
501,7225-CBZPL
502,9079-YEXQJ
503,1393-IMKZG
504,2293-IJWPS
505,8595-SIZNC
506,7312-XSBAT
507,7694-VLBWQ
508,8364-TRMMK
509,6100-QQHEB
510,4549-ZDQYY
511,2239-JALAW
512,1268-ASBGA
513,6115-ZTBFQ
514,9477-LGWQI
515,1657-DYMBM
516,2307-FYNNL
517,0345-HKJVM
518,2187-LZGPL
519,0114-IGABW
520,7973-DZRKH
521,7233-DRTRF
522,5039-LZRQT
523,6867-ACCZI
524,8395-ETZKQ
525,4385-ZKVNW
526,5394-MEITZ
527,1452-UZOSF
528,9809-IMGCQ
529,0772-GYEQQ
530,0270-THENM
531,5457-COLHT
532,7020-OZKXZ
533,7781-HVGMK
534,8383-SGHJU
535,0531-ZZJWQ
536,3509-GWQGF
537,8840-DQLGN
538,0136-IFMYD
539,7881-INRLC
540,7945-HLKEA
541,8152-VETUR
542,1163-VIPRI
543,9048-JVYVF
544,5419-JKZNQ
545,8714-EUHJO
546,7181-BQYBV
547,0883-EIBTI
548,9803-FTJCG
549,1621-YNCJH
550,4102-OQUPX
551,7586-ZATGZ
552,1689-YQBYY
553,7815-PDTHL
554,3190-XFANI
555,9992-RRAMN
556,9705-IOVQQ
557,5424-RLQLC
558,1095-WGNGG
559,2424-WVHPL
560,3331-HQDTW
561,9618-LFJRU
562,6176-YJWAS
563,8100-HZZLJ
564,5699-BNCAS
565,1591-NFNLQ
566,0281-CNTZX
567,7184-LRUUR
568,1839-UMACK
569,7673-LPRNY
570,0899-WZRSD
571,8149-RSOUN
572,8016-NCFVO
573,9210-IAHGH
574,9572-WUKSB
575,7821-DPRQE
576,1723-HKXJQ
577,1627-AFWVJ
578,8564-LDKFL
579,6376-GAHQE
580,0628-CNQRM
581,2486-WYVVE
582,2607-DHDAK
583,4955-VCWBI
584,2732-ISEZX
585,5214-CHIWJ
586,5997-OPVFA
587,0489-WMEMG
588,7945-PRBVF
589,0818-OCPZO
590,6128-AQBMT
591,8015-IHCGW
592,0228-MAUWC
593,2027-CWDNU
594,8033-ATFAS
595,1069-XAIEM
596,3910-MRQOY
597,9647-ERGBE
598,3891-PUQOD
599,7803-XOCCZ
600,5380-AFSSK
601,3744-ZBHON
602,9408-SSNVZ
603,4626-OZDTJ
604,3148-BLQJT
605,9129-UXERG
606,7853-GVUDZ
607,3716-BDVDB
608,3457-PQBYH
609,3174-AKMAS
610,2027-FECZV
611,1084-MNSMJ
612,9953-ZMKSM
613,9137-UIYPG
614,7248-VZQLC
615,2806-MLNTI
616,8338-QIUNR
617,1447-GIQMR
618,1093-YSWCA
619,9689-PTNPG
620,8982-NHAVY
621,3795-CAWEX
622,6961-MJKBO
623,2050-ONYDQ
624,8402-EIVQS
625,1833-TCXKK
626,0104-PPXDV
627,0946-CLJTI
628,3536-IQCTX
629,2862-PFNIK
630,0549-CYCQN
631,6480-YAGIY
632,3397-AVTKU
633,9840-EFJQB
634,8050-XGRVL
635,9135-HSWOC
636,5914-GXMDA
637,4237-CLSMM
638,9769-TSBZE
639,4487-ZYJZK
640,0812-WUPTB
641,5172-RKOCB
642,6968-MHOMU
643,3704-IEAXF
644,0130-SXOUN
645,8200-KLNYW
646,8544-GOQSH
647,2577-GVSIL
648,4273-MBHYA
649,1218-VKFPE
650,6840-RESVB
651,5766-FTRTS
652,8468-FZTOE
653,8097-VBQTZ
654,3722-WPXTK
655,0961-ZWLVI
656,1930-QPBVZ
657,4232-JGKIY
658,4919-IKATY
659,1429-UYJSV
660,6366-ZGQGL
661,7435-ZNUYY
662,4671-VJLCL
663,5793-YOLJN
664,2460-NGXBJ
665,3580-GICBM
666,2346-CZYIL
667,1465-LNTLJ
668,0343-QLUZP
669,1174-FGIFN
670,9508-ILZDG
671,2386-OWURY
672,5461-QKNTN
673,8242-JSVBO
674,0709-TVGUR
675,5982-XMDEX
676,8329-UTMVM
677,7167-PCEYD
678,4825-XJGDM
679,5651-WYIPH
680,9659-ZTWSM
681,5702-SKUOB
682,6195-MELTI
683,6712-OAWRH
684,8080-POTJR
685,6229-UOLQL
686,8398-TBIYD
687,7032-LMBHI
688,4869-EPIUS
689,5663-QBGIS
690,3682-YEUWS
691,3753-TSEMP
692,7426-RHZGU
693,8465-SBRXP
694,8908-NMQTX
695,7239-HZZCX
696,6258-PVZWJ
697,6711-VTNRE
698,4558-FANTW
699,1830-IPXVJ
700,8467-WYNSR
701,2208-NKVVH
702,0428-AXXLJ
703,5716-EZXZN
704,8345-MVDYC
705,3317-VLGQT
706,9174-FKWZE
707,1550-EENBN
708,3806-YAZOV
709,1816-FLZDK
710,6408-OTUBZ
711,6479-SZPLM
712,5084-OOVCJ
713,2694-CIUMO
714,4958-XCBDQ
715,0786-IVLAW
716,7493-GVFIO
717,5062-CJJKH
718,0089-IIQKO
719,7658-UYUQS
720,2606-PKWJB
721,6516-NKQBO
722,1894-IGFSG
723,0496-AHOOK
724,2696-ECXKC
725,9691-HKOVS
726,5018-GWURO
727,9391-TTOYH
728,7182-OVLBJ
729,0621-TWIEM
730,0880-TKATG
731,3750-YHRYO
732,0807-ZABDG
733,2133-TSRRM
734,9483-GCPWE
735,4373-VVHQL
736,8008-OTEZX
737,6265-SXWBU
738,0666-UXTJO
739,6937-GCDGQ
740,5136-KCKGI
741,6980-IMXXE
742,3223-DWFIO
743,1608-GMEWB
744,6518-PPLMZ
745,1751-NCDLI
746,6292-TOSSS
747,4521-WFJAI
748,1832-PEUTS
749,6040-CGACY
750,1061-PNTHC
751,4143-HHPMK
752,4194-WHFCB
753,6572-ADKRS
754,5161-UBZXI
755,5915-DGNVC
756,6383-ZTSIW
757,6993-YCOBK
758,9987-LUTYD
759,7153-CHRBV
760,8532-UEFWH
761,1131-QQZEB
762,7876-AEHIG
763,8746-OQQRW
764,4815-YOSUK
765,1898-JSNDC
766,2362-IBOOY
767,3923-CSIHK
768,9692-TUSXH
769,7295-JOMMD
770,8108-UXRQN
771,4868-AADLV
772,2335-GSODA
773,1699-HPSBG
774,3896-ZVNET
775,8111-SLLHI
776,4079-WWQQQ
777,1541-ETJZO
778,3780-DDGSE
779,3793-MMFUH
780,0750-EKNGL
781,2834-SPCJV
782,4377-VDHYI
783,3763-GCZHZ
784,5578-NKCXI
785,0365-TRTPY
786,1663-MHLHE
787,9451-LPGOO
788,5366-OBVMR
789,7197-VOJMM
790,3577-AMVUX
791,6738-ISCBM
792,5392-AKEMH
793,7359-WWYJV
794,2418-TPEUN
795,3569-VLDHH
796,5791-KAJFD
797,0048-PIHNL
798,4138-NAXED
799,7000-WCEVQ
800,0929-PECLO
801,0148-DCDOS
802,5940-NFXKV
803,4881-GQJTW
804,8464-EETCQ
805,0975-UYDTX
806,9578-VRMNM
807,9577-WJVCQ
808,6356-ELRKD
809,9897-KXHCM
810,5989-AXPUC
811,3198-VELRD
812,1306-RPWXZ
813,7244-KXYZN
814,5276-KQWHG
815,7980-MHFLQ
816,1498-DQNRX
817,5542-TBBWB
818,8580-AECUZ
819,5498-IBWPI
820,6646-QVXLR
821,5160-UXJED
822,0895-UADGO
823,0495-RVCBF
824,0378-XSZPU
825,6230-BSUXY
826,5788-YPOEG
827,4806-HIPDW
828,9489-UTFKA
829,3508-CFVZL
830,2995-UPRYS
831,5188-HGMLP
832,5370-IIVVL
833,7547-EKNFS
834,7272-QDCKA
835,0723-VSOBE
836,9103-TCIHJ
837,0743-HRVFF
838,0661-XEYAN
839,6332-FBZRI
840,4720-VSTSI
841,8409-WQJUX
842,3976-NLDEZ
843,5684-FJVYR
844,2252-ISRNH
845,8259-DZLIZ
846,9305-CDSKC
847,3487-EARAT
848,3247-MHJKM
849,1374-DMZUI
850,8922-NPKBJ
851,8931-GJJIQ
852,2824-MYYBN
853,9058-MJLZC
854,2809-ILCYT
855,7636-PEPNS
856,2511-ALLCS
857,8087-LGYHQ
858,2907-ILJBN
859,6402-EJMWF
860,8857-CUPFQ
861,7322-OCWHC
862,2249-YPRNG
863,3197-ARFOY
864,8905-IAZPF
865,6563-VNPMN
866,9229-RQABD
867,4393-RYCRE
868,7923-IYJWY
869,9554-DFKIC
870,2550-QHZGP
871,2889-FPWRM
872,3006-XIMLN
873,5855-EIBDE
874,4623-ZKHLY
875,3823-KYNQY
876,5846-ABOBJ
877,8148-BPLZQ
878,8749-TZYEC
879,1984-FCOWB
880,6198-ZFIOJ
881,1336-EZFZY
882,9227-LUNBG
883,8990-ZXLSU
884,4795-WRNVT
885,1383-EZRWL
886,8824-RWFXJ
887,5091-HFAZW
888,0048-LUMLS
889,8073-IJDCM
890,9853-JFZDU
891,3351-NQLDI
892,3765-JXVKY
893,4039-HEUNW
894,1023-BQXZE
895,3733-LSYCE
896,0637-UBJRP
897,2379-GYFLQ
898,4109-CYRBD
899,6599-GZWCM
900,5442-PPTJY
901,8755-OGKNA
902,5294-DMSFH
903,1272-ILHFG
904,1493-AMTIE
905,0265-EDXBD
906,2792-VPPET
907,2129-ALKBS
908,7746-QYVCO
909,8023-QHAIO
910,5090-EMGTC
911,1680-VDCWW
912,5174-RNGBH
913,4439-YRNVD
914,0004-TLHLJ
915,5226-NOZFC
916,2558-BUOZZ
917,8547-NSBBO
918,7901-IIDQV
919,3580-REOAC
920,9921-EZKBY
921,3716-UVSPD
922,8245-UMPYT
923,8166-ZZTFS
924,7089-RKVSZ
925,6733-LRIZX
926,6772-KSATR
927,5020-ZSTTY
928,6807-SIWJI
929,9050-IKDZA
930,9818-XQCUV
931,9359-JANWS
932,8894-JVDCV
933,0486-HECZI
934,3034-ZBEQN
935,5473-KHBPS
936,5414-OFQCB
937,2683-BPJSO
938,9073-ZZIAY
939,8267-ZNYVZ
940,0376-YMCJC
941,2856-HYAPG
942,8249-THVEC
943,3082-VQXNH
944,9200-NLNPD
945,0078-XZMHT
946,9944-AEXBM
947,9163-GHAYE
948,5089-IFSDP
949,6005-OBZPH
950,8017-UVSZU
951,1915-IOFGU
952,3070-DVEYC
953,4647-XXZAM
954,7274-RTAPZ
955,6771-XWBDM
956,0784-ZQJZX
957,8144-DGHXP
958,7766-CLTIC
959,1293-HHSHJ
960,4592-IWTJI
961,8178-EYZUO
962,3466-WAESX
963,5542-DHSXL
964,6458-CYIDZ
965,0822-QGCXA
966,4695-WJZUE
967,6333-YDVLT
968,5879-HMFFH
969,9626-VFRGG
970,3707-GNWHM
971,0864-FVJNJ
972,7774-OJSXI
973,2498-XLDZR
974,8661-BOYNW
975,7241-AJHFS
976,7550-WIQVA
977,9701-CDXHR
978,4872-JCVCA
979,8561-NMTBD
980,8642-GVWRF
981,0128-MKWSG
982,3365-SAIGS
983,3420-ZDBMA
984,7010-ZMVBF
985,7096-UCLNH
986,9572-MTILT
987,2799-ARNLO
988,5047-LHVLY
989,6174-NRBTZ
990,7054-ENNGU
991,5494-HECPR
992,8966-KZXXA
993,5726-CVNYA
994,8972-HJWNV
995,6207-WIOLX
996,8802-UNOJF
997,0603-TPMIB
998,6158-HDPXZ
999,5310-NOOVA
1000,4546-FOKWR
1001,3205-MXZRA
1002,8246-SHFGA
1003,1303-SRDOK
1004,3256-EZDBI
1005,9602-WCXPI
1006,4673-KKSLS
1007,6609-MXJHJ
1008,8775-ERLNB
1009,0263-FJTQO
1010,2430-RRYUW
1011,2568-BRGYX
1012,7594-LZNWR
1013,8129-GMVGI
1014,8405-IGQFX
1015,0623-GDISB
1016,1760-CAZHT
1017,8779-YIQQA
1018,8917-FAEMR
1019,3744-ZRRDZ
1020,8710-YGLWG
1021,2692-BUCFV
1022,5815-HGGHV
1023,4701-MLJPN
1024,0562-FGDCR
1025,2890-WFBHU
1026,3113-IWHLC
1027,8229-BUJHX
1028,5130-YPIRV
1029,1013-QCWAM
1030,2931-SVLTV
1031,3308-JSGML
1032,5321-NTRKC
1033,3259-KNMRR
1034,6923-AQONU
1035,0410-IPFTY
1036,4501-UYKBC
1037,9837-FWLCH
1038,2294-DMMUS
1039,9904-EHEVJ
1040,6296-DDOOR
1041,6257-DTAYD
1042,4847-QNOKA
1043,9220-ZNKJI
1044,2984-AFWNC
1045,9432-VOFYX
1046,9732-KPKBW
1047,8286-AFUYI
1048,7460-ITWWP
1049,9754-CLVZW
1050,9372-TXXPS
1051,4378-MYPGO
1052,7530-HDYDS
1053,2055-PDADH
1054,4827-USJHP
1055,1498-NHTLT
1056,4785-QRJHC
1057,8495-PRWFH
1058,0303-UNCIP
1059,8203-XJZRC
1060,0895-DQHEW
1061,8205-VSLRB
1062,2314-TNDJQ
1063,1767-CJKBA
1064,1226-IENZN
1065,4529-CKBCL
1066,7133-VBDCG
1067,5996-DAOQL
1068,8739-WWKDU
1069,4116-TZAQJ
1070,0096-BXERS
1071,3936-QQFLL
1072,1934-MKPXS
1073,6585-WCEWR
1074,4488-KQFDT
1075,7014-ZZXAW
1076,4054-CUMIA
1077,9548-LIGTA
1078,2582-FFFZR
1079,8184-WMOFI
1080,6032-IGALN
1081,5309-TAIKL
1082,5304-EFJLP
1083,6007-TCTST
1084,6278-FEPBZ
1085,9389-ACWBI
1086,1998-VHJHK
1087,1846-XWOQN
1088,2305-MRGLV
1089,3292-PBZEJ
1090,5743-KHMNA
1091,4636-JGAAI
1092,9117-SHLZX
1093,2483-XSSMZ
1094,2257-BOVXD
1095,0516-QREYC
1096,1357-MVDOZ
1097,9631-XEYKE
1098,4193-ORFCL
1099,7549-MYGPK
1100,6625-FLENO
1101,1596-BBVTG
1102,0206-OYVOC
1103,2604-IJPDU
1104,7459-IMVYU
1105,6286-SUUWT
1106,9821-BESNZ
1107,3097-NQYSN
1108,8550-XSXUQ
1109,4795-KTRTH
1110,0928-JMXNP
1111,4065-JJAVA
1112,7998-ZLXWN
1113,6557-BZXLQ
1114,5293-WXJAK
1115,3597-YASZG
1116,5095-AESKG
1117,9927-DSWDF
1118,1052-QJIBV
1119,2176-OSJUV
1120,8272-ONJLV
1121,6181-AXXYF
1122,0536-ACXIP
1123,8780-IXSTS
1124,1474-JUWSM
1125,8958-JPTRR
1126,2754-SDJRD
1127,3853-LYGAM
1128,0979-MOZQI
1129,4090-KPJIP
1130,5651-CRHKQ
1131,8218-FFJDS
1132,1091-SOZGA
1133,0402-OAMEN
1134,3668-QPYBK
1135,7110-BDTWG
1136,6227-FBDXH
1137,8490-BXHEO
1138,5816-SCGFC
1139,3506-OVLKD
1140,3002-WQZWT
1141,7730-CLDSV
1142,5995-OIGLP
1143,7878-JGDKK
1144,5248-YGIJN
1145,3638-WEABW
1146,4403-BWPAY
1147,9450-TRJUU
1148,4905-JEFDW
1149,7850-THJMU
1150,1352-VHKAJ
1151,6281-FKEWS
1152,3325-FUYCG
1153,6583-KQJLK
1154,8200-LGKSR
1155,5656-JAMLX
1156,7145-FEJWU
1157,3528-HFRIQ
1158,0604-THJFP
1159,2791-SFVEW
1160,8835-VSDSE
1161,6885-PKOAM
1162,0621-JFHOL
1163,2933-FILNV
1164,6671-NGWON
1165,3472-QPRCH
1166,2478-EEWWM
1167,2990-IAJSV
1168,1307-TVUFB
1169,1301-LOPVR
1170,1171-TYKUR
1171,5650-YLIBA
1172,8878-HMWBV
1173,6723-WSNTY
1174,3211-AAPKX
1175,4250-FDVOU
1176,5897-ZYEKH
1177,1658-XUHBX
1178,3230-JCNZS
1179,5519-TEEUH
1180,6188-UXBBR
1181,4304-TSPVK
1182,9504-DSHWM
1183,2560-PPCHE
1184,8992-CEUEN
1185,7285-KLOTR
1186,3537-RYBHH
1187,9544-PYPSJ
1188,1964-SVLEA
1189,3627-FHKBK
1190,7668-XCFYV
1191,2164-SOQXL
1192,4393-OBCRR
1193,1930-BZLHI
1194,6921-OZMFH
1195,4140-WJAWW
1196,0383-CLDDA
1197,3635-JBPSG
1198,7594-RQHXR
1199,3696-XRIEN
1200,5288-AHOUP
1201,8084-OIVBS
1202,3244-CQPHU
1203,0196-VULGZ
1204,7851-FLGGQ
1205,4079-VTGLK
1206,3524-WQDSG
1207,2144-ESWKO
1208,4174-LPGTI
1209,2632-TACXW
1210,9314-IJWSQ
1211,4598-XLKNJ
1212,0743-HNPFG
1213,3545-CNWRG
1214,5356-KZCKT
1215,3855-ONCAR
1216,4951-UKAAQ
1217,6425-YQLLO
1218,8660-BUETV
1219,1265-BCFEO
1220,7503-QQRVF
1221,0308-GIQJT
1222,3130-ICDUP
1223,9693-XMUOB
1224,4430-UZIPO
1225,7353-YOWFP
1226,1779-PWPMG
1227,5622-UEJFI
1228,6890-PFRQX
1229,2674-MLXMN
1230,9514-JDSKI
1231,1142-IHLOO
1232,8261-GWDBQ
1233,3642-BYHDO
1234,3566-VVORZ
1235,3873-WOSBC
1236,4254-QPEDE
1237,5515-AKOAJ
1238,5092-STPKP
1239,1468-DEFNC
1240,5985-TBABQ
1241,0016-QLJIS
1242,7026-YMSBE
1243,5666-MBJPT
1244,3606-TWKGI
1245,0329-GTIAJ
1246,6194-HBGQN
1247,5940-AHUHD
1248,8869-LIHMK
1249,5678-VFNEQ
1250,6910-HADCM
1251,1776-SPBWV
1252,7402-EYFXX
1253,8185-UPYBR
1254,8932-CZHRQ
1255,3115-JPJDD
1256,4844-JJWUY
1257,3569-JFODW
1258,0823-HSCDJ
1259,5955-ERIHD
1260,7209-JCUDS
1261,3678-MNGZX
1262,0599-XNYDO
1263,2812-REYAT
1264,1722-LDZJS
1265,6862-CQUMB
1266,6161-UUUTA
1267,0940-OUQEC
1268,3930-ZGWVE
1269,0923-PNFUB
1270,1309-BXVOQ
1271,1543-LLLFT
1272,8915-NNTRC
1273,8111-BKVDS
1274,7989-VCQOH
1275,3761-FLYZI
1276,5183-KLYEM
1277,5393-RXQSZ
1278,2055-SIFSS
1279,4973-RLZVI
1280,0973-KYVNF
1281,5577-OTWWW
1282,0440-MOGPM
1283,3097-IDVPU
1284,9172-ANCRX
1285,9702-AIUJO
1286,3656-TKRVZ
1287,4210-QFJMF
1288,6654-QGBZZ
1289,6769-DCQLI
1290,7703-ZEKEF
1291,7629-WFGLW
1292,1536-HBSWP
1293,1099-GODLO
1294,0023-UYUPN
1295,8473-VUVJN
1296,7114-AEOZE
1297,2829-HYVZP
1298,4702-IOQDC
1299,6704-UTUKK
1300,4003-FUSHP
1301,2419-FSORS
1302,8111-RKSPX
1303,7644-OMVMY
1304,7526-IVLYU
1305,5599-HVLTW
1306,6369-MCAKO
1307,7868-TMWMZ
1308,7925-PNRGI
1309,9819-FBNSV
1310,8292-FRFZQ
1311,8559-CIZFV
1312,5605-IYGFG
1313,4656-CAURT
1314,3068-OMWZA
1315,1228-FZFRV
1316,7632-YUTXB
1317,1852-QSWCD
1318,5351-QESIO
1319,6341-JVQGF
1320,6266-QHOJZ
1321,0320-JDNQG
1322,8627-EHGIP
1323,1453-RZFON
1324,2474-LCNUE
1325,9499-XPZXM
1326,2454-RPBRZ
1327,3392-EHMNK
1328,0431-APWVY
1329,8990-YOZLV
1330,5529-GIBVH
1331,3585-ISXZP
1332,7481-ATQQS
1333,9835-ZIITK
1334,4501-EQDRN
1335,3086-RUCRN
1336,5520-FVEWJ
1337,9411-TPQQV
1338,4425-OWHWB
1339,4029-HPFVY
1340,2828-SLQPF
1341,0442-TDYUO
1342,3410-MHHUM
1343,9817-APLHW
1344,4565-EVZMJ
1345,2928-HLDBA
1346,6692-YQHXC
1347,7449-HVPIV
1348,2040-VZIKE
1349,6651-AZVTJ
1350,4807-IZYOZ
1351,2332-TODQS
1352,2139-FQHLM
1353,4946-EDSEW
1354,1544-JJMYL
1355,5073-RZGBK
1356,8645-KOMJQ
1357,9405-GPBBG
1358,6210-KBBPI
1359,4817-KEQSP
1360,3865-QBWSJ
1361,8749-JMNKX
1362,7508-KBIMB
1363,1442-OKRJE
1364,5968-HYJRZ
1365,4724-WXVWF
1366,6583-QGCSI
1367,9108-EJFJP
1368,9681-KYGYB
1369,7017-VFULY
1370,5575-GNVDE
1371,7975-JMZNT
1372,0269-XFESX
1373,5167-ZFFMM
1374,1970-KKFWL
1375,8999-YPYBV
1376,2887-JPYLU
1377,3440-JPSCL
1378,8910-ICHIU
1379,9526-BIHHD
1380,3999-WRNGR
1381,9800-ONTFE
1382,1166-PQLGG
1383,2111-DWYHN
1384,9244-ZVAPM
1385,2359-KMGLI
1386,8603-IJWDN
1387,0565-IYCGT
1388,1728-BQDMA
1389,6504-VBLFL
1390,9617-INGJY
1391,8807-ARQET
1392,3272-VUHPV
1393,8029-XYPWT
1394,4402-FTBXC
1395,3090-HAWSU
1396,1929-ZCBHE
1397,2990-OGYTD
1398,4480-MBMLB
1399,3804-RVTGV
1400,6522-OIQSX
1401,2014-MKGMH
1402,2956-GGUCQ
1403,1264-BYWMS
1404,9814-AOUDH
1405,8800-JOOCF
1406,8822-KNBHV
1407,4182-BGSIQ
1408,2197-OMWGI
1409,5170-PTRKA
1410,4465-VDKIQ
1411,2107-FBPTK
1412,5857-XRECV
1413,4568-TTZRT
1414,2729-VNVAP
1415,2332-EFBJY
1416,9512-PHSMG
1417,0675-NCDYU
1418,6289-CPNLD
1419,4291-TPNFG
1420,9492-TOKRI
1421,6892-EZDTG
1422,2018-QKYGT
1423,8687-BAFGU
1424,5840-NVDCG
1425,3138-BKYAV
1426,6198-PNNSZ
1427,2894-QOJRX
1428,5043-TRZWM
1429,7562-GSUHK
1430,5129-HHMZC
1431,7868-BGSZA
1432,5294-IMHHT
1433,6284-KMNUF
1434,5536-SLHPM
1435,8519-IMDHU
1436,4367-NHWMM
1437,2402-TAIRZ
1438,1678-FYZOW
1439,2398-YPMUR
1440,3077-RSNTJ
1441,6169-PPETC
1442,7733-UDMTP
1443,6481-ESCNL
1444,4531-AUZNK
1445,2277-AXSDC
1446,4607-CHPCA
1447,0440-UEDAI
1448,2320-SLKMB
1449,8226-BXGES
1450,9711-FJTBX
1451,4176-RELJR
1452,0707-HOVVN
1453,5306-BVTKJ
1454,9940-RHLFB
1455,8160-HOWOX
1456,6522-YRBXD
1457,8182-BJDSI
1458,4937-QPZPO
1459,7727-SHVZV
1460,9661-MHUMO
1461,6121-TNHBO
1462,2876-VBBBL
1463,7346-MEDWM
1464,6082-OQFBA
1465,5383-MMTWC
1466,1872-EBWSC
1467,8715-KKTFG
1468,8943-URTMR
1469,4009-ALQFH
1470,1371-DWPAZ
1471,7105-BENQF
1472,4471-KXAUH
1473,2108-XWMPY
1474,9351-HXDMR
1475,3810-DVDQQ
1476,8229-MYEJZ
1477,5949-EBSQK
1478,9257-AZMTZ
1479,2903-YYTBW
1480,9066-QRSDU
1481,8922-LIEGH
1482,9128-CPXKI
1483,8138-EALND
1484,1563-IWQEX
1485,2150-OEGBV
1486,7531-GQHME
1487,8007-YYPWD
1488,4737-HOBAX
1489,8679-LZBMD
1490,4706-DGAHW
1491,5921-NGYRH
1492,3657-COGMW
1493,9518-RWHZL
1494,5296-BFCYD
1495,9931-KGHOA
1496,0411-EZJZE
1497,8630-QSGXK
1498,2533-QVMSK
1499,0220-EBGCE
1500,0829-XXPLX
1501,9169-BSVIN
1502,2233-FAGXV
1503,3269-ATYWD
1504,4801-JZAZL
1505,0616-ATFGB
1506,5474-LAMUQ
1507,9084-OAYKL
1508,1624-WOIWJ
1509,6651-RLGGM
1510,3224-DFQNQ
1511,2683-JXWQQ
1512,2750-BJLSB
1513,8727-XDPUD
1514,9298-WGMRW
1515,2404-JIBFC
1516,0409-WTMPL
1517,2054-PJOCK
1518,1698-XFZCI
1519,9102-OXKFY
1520,0191-ZHSKZ
1521,9873-MNDKV
1522,8624-GIOUT
1523,6615-ZGEDR
1524,7234-KMNRQ
1525,6591-QGOYB
1526,3229-USWAR
1527,4704-ERYFC
1528,5376-PCKNB
1529,0902-RFHOF
1530,9367-OIUXP
1531,3935-TBRZZ
1532,6377-WHAOX
1533,2360-RDGRO
1534,0235-KGSLC
1535,7296-PIXQY
1536,5394-SVGJV
1537,0363-QJVFX
1538,3863-IUBJR
1539,8608-OZTLB
1540,1602-IJQQE
1541,8436-BJUMM
1542,2137-DQMEV
1543,5522-JBWMO
1544,4603-JANFB
1545,7216-EWTRS
1546,1682-VCOIO
1547,8197-BFWVU
1548,3055-VTCGS
1549,5536-RTPWK
1550,4759-TRPLW
1551,1452-XRSJV
1552,6856-RAURS
1553,2959-FENLU
1554,5038-ETMLM
1555,9912-GVSEQ
1556,0219-YTZUE
1557,5177-RVZNU
1558,4282-ACRXS
1559,3893-JRNFS
1560,9027-YFHQJ
1561,8756-RDDLT
1562,2303-PJYHN
1563,8070-AAWZP
1564,2342-CKIAO
1565,8450-UYIBU
1566,6559-RAKOZ
1567,1855-AGAWH
1568,7665-TOALD
1569,3486-KHMLI
1570,8725-JEDFD
1571,7225-IILWY
1572,9314-QDMDW
1573,7351-MHQVU
1574,4547-LYTDD
1575,9360-AHGNL
1576,2856-NNASM
1577,1734-ZMNTZ
1578,0106-UGRDO
1579,9039-RBEEE
1580,8285-ABVLB
1581,8591-TKMZH
1582,7765-LWVVH
1583,6435-SRWBJ
1584,6891-JPYFF
1585,4135-FRWKJ
1586,4083-EUGRJ
1587,1965-AKTSX
1588,6901-GOGZG
1589,0781-LKXBR
1590,9065-ZCPQX
1591,4710-FDUIZ
1592,9430-NKQLY
1593,0774-IFUVM
1594,9621-OUPYD
1595,0680-DFNNY
1596,3638-DIMPH
1597,7103-ZGVNT
1598,6941-PMGEP
1599,6131-JLWZM
1600,4311-QTTAI
1601,4238-HFHSN
1602,3521-HTQTV
1603,6786-OBWQR
1604,7279-BUYWN
1605,0197-PNKNK
1606,0397-ZXWQF
1607,5960-MVTUK
1608,7077-XJMET
1609,1004-NOZNR
1610,6582-OIVSP
1611,6635-CPNUN
1612,9095-HFAFX
1613,9286-DOJGF
1614,4351-QLCSU
1615,5372-FBKBN
1616,5562-YJQGT
1617,3612-YUNGG
1618,5996-EBTKM
1619,0218-QNVAS
1620,4931-TRZWN
1621,8815-LMFLX
1622,7895-VONWT
1623,7516-GMHUV
1624,3645-DEYGF
1625,8132-YPVBX
1626,9158-VCTQB
1627,7779-ORAEL
1628,6461-SZMCV
1629,3838-OZURD
1630,6297-NOOPG
1631,8587-XYZSF
1632,1258-YMZNM
1633,7233-IOQNP
1634,6128-DAFVY
1635,0495-ZBNGW
1636,8597-CTXVJ
1637,4510-PYUSH
1638,3662-FXJFO
1639,6997-UVGOX
1640,2171-UDMFD
1641,3957-HHLMR
1642,3338-CVVEH
1643,4190-MFLUW
1644,7384-GHBPI
1645,9509-MPYOD
1646,6680-WKXRZ
1647,4104-PVRPS
1648,6584-VQMYT
1649,9638-JIQYA
1650,9286-BHDQG
1651,2632-UCGVD
1652,1950-KSVVJ
1653,8512-WIWYV
1654,4092-OFQZS
1655,3644-QXEHN
1656,7434-SHXLS
1657,0076-LVEPS
1658,2672-DZUOY
1659,0112-QWPNC
1660,2519-TWKFS
1661,9591-YVTEB
1662,2452-KDRRH
1663,5854-KSRBJ
1664,2789-HQBOU
1665,1403-GYAFU
1666,0827-ITJPH
1667,4584-LBNMK
1668,0112-QAWRZ
1669,2612-RANWT
1670,1265-XTECC
1671,4139-SUGLD
1672,5961-VUSRV
1673,0302-JOIVN
1674,3096-WPXBT
1675,3012-VFFMN
1676,5242-UOWHD
1677,8270-RKSAP
1678,8819-WFGGJ
1679,8076-FEZKJ
1680,1960-UOTYM
1681,6234-RAAPL
1682,9710-NJERN
1683,2460-FPSYH
1684,8752-GHJFU
1685,6726-WEXXK
1686,5032-USPKF
1687,4302-ZYFEL
1688,0639-TSIQW
1689,7975-TZMLR
1690,5896-NPFWW
1691,4121-AGSIN
1692,3230-WYKIR
1693,8739-QOTTN
1694,3230-IUALN
1695,3266-FTKHB
1696,0936-NQLJU
1697,6319-QSUSR
1698,9058-CBREO
1699,4553-DVPZG
1700,2057-ZBLPD
1701,4522-AKYLR
1702,4023-RTIQM
1703,1492-KGETH
1704,5655-JSMZM
1705,8644-XYTSV
1706,3349-ANQNH
1707,2103-ZRXFN
1708,1576-PFZIW
1709,4342-HENTK
1710,4806-DXQCE
1711,7750-EYXWZ
1712,3125-RAHBV
1713,8046-DNVTL
1714,2391-IPLOP
1715,8634-CILSZ
1716,3239-TPHPZ
1717,2277-DJJDL
1718,0682-USIXD
1719,4228-ZGYUW
1720,4911-BANWH
1721,3313-QKNKB
1722,0397-GZBBC
1723,7219-TLZHO
1724,7717-BICXI
1725,8311-UEUAB
1726,9734-YWGEX
1727,2718-YSKCS
1728,7880-XSOJX
1729,2088-IEBAU
1730,2834-JRTUA
1731,2378-VTKDH
1732,6064-ZATLR
1733,4335-UPJSI
1734,3955-JBZZM
1735,0742-NXBGR
1736,4043-MKDTV
1737,4361-JEIVL
1738,7940-UQQUG
1739,5307-DZCVC
1740,5564-NEMQO
1741,0196-JTUQI
1742,0842-IWYCP
1743,2840-XANRC
1744,3161-ONRWK
1745,1157-BQCUW
1746,2999-AANRQ
1747,5172-MIGPM
1748,4940-KHCWD
1749,9142-KZXOP
1750,3567-PQTSO
1751,5876-QMYLD
1752,0011-IGKFF
1753,0853-TWRVK
1754,0224-RLWWD
1755,3807-XHCJH
1756,4800-CZMPC
1757,2253-KPMNB
1758,1792-UXAFY
1759,5816-QVHRX
1760,5977-CKHON
